cycle, observation, reward, action, explored, explore_rate, total reward, average reward
1, 4084621582, 0, 0, 0, 0.1, 0, 0
2, 0, 3, 8, 0, 0.1, 3, 1.5
3, 131073, 2, 7, 0, 0.1, 5, 1.66667
4, 131205, 2, 2, 1, 0.1, 7, 1.75
5, 135813, 2, 6, 0, 0.1, 9, 1.8
6, 0, 4, 6, 0, 0.1, 13, 2.16667
7, 131088, 2, 7, 0, 0.1, 15, 2.14286
8, 131604, 2, 7, 0, 0.1, 17, 2.125
9, 131604, 0, 5, 0, 0.1, 17, 1.88889
10, 139860, 2, 7, 0, 0.1, 19, 1.9
11, 139860, 0, 1, 0, 0.1, 19, 1.72727
