cycle, observation, reward, action, explored, explore_rate, total reward, average reward
1, 5, 0, 3, 0, 0.1, 0, 0
2, 7, 9, 1, 1, 0.1, 9, 4.5
3, 5, 9, 2, 0, 0.1, 18, 6
4, 5, 0, 3, 1, 0.1, 18, 4.5
5, 7, 9, 3, 0, 0.1, 27, 5.4
6, 7, 0, 3, 0, 0.1, 27, 4.5
7, 7, 0, 1, 0, 0.1, 27, 3.85714
8, 5, 9, 2, 0, 0.1, 36, 4.5
9, 5, 0, 0, 0, 0.1, 36, 4
10, 5, 0, 3, 0, 0.1, 36, 3.6
11, 7, 9, 1, 0, 0.1, 45, 4.09091
12, 5, 9, 3, 0, 0.1, 54, 4.5
13, 7, 9, 2, 0, 0.1, 63, 4.84615
14, 7, 0, 3, 0, 0.1, 63, 4.5
