cycle, observation, reward, action, explored, explore_rate, total reward, average reward
1, 5, 0, 3, 0, 0, 0, 0
2, 7, 9, 2, 0, 0, 9, 4.5
3, 7, 0, 3, 0, 0, 9, 3
4, 7, 0, 1, 0, 0, 9, 2.25
5, 5, 9, 2, 0, 0, 18, 3.6
6, 5, 0, 0, 0, 0, 18, 3
7, 5, 0, 1, 0, 0, 18, 2.57143
8, 12, 9, 1, 0, 0, 27, 3.375
9, 12, 0, 3, 0, 0, 27, 3
10, 5, 9, 0, 0, 0, 36, 3.6
11, 5, 0, 0, 0, 0, 36, 3.27273
12, 5, 0, 3, 0, 0, 36, 3
13, 7, 9, 3, 0, 0, 45, 3.46154
14, 7, 0, 3, 0, 0, 45, 3.21429
