cycle, observation, reward, action, explored, explore_rate, total reward, average reward
1, 2473765136, 0, 7, 1, 1, 0, 0
2, 2473765136, 0, 7, 1, 0.95, 0, 0
3, 2473765136, 0, 1, 1, 0.9025, 0, 0
4, 2473765136, 0, 7, 1, 0.857375, 0, 0
5, 2473765136, 0, 2, 1, 0.814506, 0, 0
6, 0, 3, 4, 0, 0.773781, 3, 0.5
7, 131328, 2, 4, 1, 0.735092, 5, 0.714286
8, 131328, 0, 4, 1, 0.698337, 5, 0.625
9, 131328, 0, 7, 0, 0.66342, 5, 0.555556
