cycle, observation, reward, action, explored, explore_rate, total reward, average reward
1, 2971722074, 0, 3, 0, 0, 0, 0
2, 2971722074, 0, 2, 0, 0, 0, 0
3, 0, 3, 0, 0, 0, 3, 1
4, 65664, 2, 2, 0, 0, 5, 1.25
5, 102528, 2, 0, 0, 0, 7, 1.4
6, 102528, 0, 3, 0, 0, 7, 1.16667
7, 104064, 2, 5, 0, 0, 9, 1.28571
